filename,label
pos_pnnnGuns.20210331.nn02d.38.63397.765.1.wav,gunshot
pos_pnnnGuns.20210331.nn02d.39.63402.946.1.wav,gunshot
pos_pnnnGuns.20210414.nn05b.90.2684.522.1.wav,gunshot
pos_pnnnGuns.20210415.nn10b.187.35518.634.1.wav,gunshot
pos_pnnnGuns.20210409.nn02b.26.777.2378.1.wav,gunshot
pos_pnnnGuns.20210326.nn07c.158.45550.222.1.wav,gunshot
pos_pnnnGuns.20210324.nn02g.74.2568.655.1.wav,gunshot
pos_pnnnGuns.20210322.nn03c.77.26272.31.1.wav,gunshot
pos_pnnnGuns.20210408.nn02b.19.61086.6126.0.wav,gunshot
pos_pnnnGuns.20210426.nn06b.122.57933.328.1.wav,gunshot
pos_pnnnGuns.20210422.nn03d.78.66951.779.1.wav,gunshot
pos_pnnnGuns.20210417.nn06d.139.12292.158.1.wav,gunshot
pos_pnnnGuns.20210328.nn06c.137.30829.51.1.wav,gunshot
pos_pnnnGuns.20210501.nn06d.18871.78759.952.1.wav,gunshot
pos_pnnnGuns.20210411.nn07b.143.71354.808.1.wav,gunshot
pos_pnnnGuns.20210430.nn05f.18099.57597.66.1.wav,gunshot
pos_pnnnGuns.20210331.nn02d.42.63484.9065.4.wav,gunshot
pos_pnnnGuns.20210409.nn02b.25.764.9456.1.wav,gunshot
pos_pnnnGuns.20210503.nn10a.89010.48798.577.1.wav,gunshot
pos_pnnnGuns.20210420.nn07c.150.60269.049.1.wav,gunshot
pos_pnnnGuns.20210413.nn08a.163.51988.837.2.wav,gunshot
pos_pnnnGuns.20210324.nn02f.55.45302.088.9.wav,gunshot
pos_pnnnGuns.20210412.nn09b.182.56931.983.1.wav,gunshot
pos_pnnnGuns.20210409.nn02b.20.79304.287.1.wav,gunshot
pos_pnnnGuns.20210420.nn06a.118.31052.311.1.wav,gunshot
pos_pnnnGuns.20210419.nn07c.147.85133.228.1.wav,gunshot
pos_pnnnGuns.20210327.nn05f.108.51054.144.1.wav,gunshot
pos_pnnnGuns.20210404.nn05c.93.40575.8008.21.wav,gunshot
pos_pnnnGuns.20210321.nn02e.46.38025.359.1.wav,gunshot
pos_pnnnGuns.20210405.nn06e.141.29640.695.1.wav,gunshot
pos_pnnnGuns.20210403.nn05b.85.30489.387.1.wav,gunshot
pos_pnnnGuns.20210324.nn02f.66.45354.268.1.wav,gunshot
pos_pnnnGuns.20210427.nn07c.151.69868.348.1.wav,gunshot
pos_pnnnGuns.20210406.nn09a.173.27827.704.11.wav,gunshot
pos_pnnnGuns.20210412.nn09b.181.56457.364.1.wav,gunshot
pos_pnnnGuns.20210331.nn02d.34.63387.515.1.wav,gunshot
pos_pnnnGuns.20210429.nn06c.125.61657.198.1.wav,gunshot
pos_pnnnGuns.20210424.nn09b.179.50667.5826.1.wav,gunshot
pos_pnnnGuns.20210326.nn07c.157.45544.8326.2.wav,gunshot
pos_pnnnGuns.20210403.nn04d.80.71484.048.1.wav,gunshot
pos_pnnnGuns.20210324.nn02f.57.45316.552.2.wav,gunshot
pos_pnnnGuns.20210412.nn09b.180.56342.9121.1.wav,gunshot
pos_pnnnGuns.20210402.nn01g.8.69939.361.1.wav,gunshot
pos_pnnnGuns.20210413.nn08a.168.53243.285.1.wav,gunshot
pos_pnnnGuns.20210428.nn02g.71.57431.996.1.wav,gunshot
pos_pnnnGuns.20210424.nn02a.12.42470.53.1.wav,gunshot
pos_pnnnGuns.20210330.nn01f.6.68371.6821.1.wav,gunshot
pos_pnnnGuns.20210413.nn05b.89.12527.003.1.wav,gunshot
pos_pnnnGuns.20210404.nn05c.94.40613.9011.13.wav,gunshot
pos_pnnnGuns.20210331.nn02f.48.27746.285.1.wav,gunshot
pos_pnnnGuns.20210331.nn02d.43.63505.064.1.wav,gunshot
pos_pnnnGuns.20210327.nn05f.109.10823.679.1.wav,gunshot
pos_pnnnGuns.20210416.nn09a.178.16017.507.1.wav,gunshot
pos_pnnnGuns.20210501.nn05d.16826.15072.866.1.wav,gunshot
pos_pnnnGuns.20210326.nn07c.153.45520.0122.15.wav,gunshot
pos_pnnnGuns.20210409.nn02b.28.6106.0204.1.wav,gunshot
pos_pnnnGuns.20210404.nn05c.95.40804.307.5.wav,gunshot
pos_pnnnGuns.20210404.nn05c.99.41042.0374.Q.wav,gunshot
pos_pnnnGuns.20210423.nn08c.172.74782.979.1.wav,gunshot
eco_pos_00000.wav,gunshot
eco_pos_00001.wav,gunshot
eco_pos_00002.wav,gunshot
eco_pos_00003.wav,gunshot
eco_pos_00004.wav,gunshot
eco_pos_00005.wav,gunshot
eco_pos_00006.wav,gunshot
eco_pos_00007.wav,gunshot
eco_pos_00008.wav,gunshot
eco_pos_00009.wav,gunshot
eco_pos_00010.wav,gunshot
eco_pos_00011.wav,gunshot
eco_pos_00012.wav,gunshot
eco_pos_00013.wav,gunshot
eco_pos_00014.wav,gunshot
eco_pos_00015.wav,gunshot
eco_pos_00016.wav,gunshot
eco_pos_00017.wav,gunshot
eco_pos_00018.wav,gunshot
eco_pos_00019.wav,gunshot
eco_pos_00020.wav,gunshot
eco_pos_00021.wav,gunshot
eco_pos_00022.wav,gunshot
eco_pos_00023.wav,gunshot
eco_pos_00024.wav,gunshot
eco_pos_00025.wav,gunshot
eco_pos_00026.wav,gunshot
eco_pos_00027.wav,gunshot
eco_pos_00028.wav,gunshot
eco_pos_00029.wav,gunshot
eco_pos_00030.wav,gunshot
eco_pos_00031.wav,gunshot
eco_pos_00032.wav,gunshot
eco_pos_00033.wav,gunshot
eco_pos_00034.wav,gunshot
eco_pos_00035.wav,gunshot
eco_pos_00036.wav,gunshot
eco_pos_00037.wav,gunshot
eco_pos_00038.wav,gunshot
eco_pos_00039.wav,gunshot
eco_pos_00040.wav,gunshot
eco_pos_00041.wav,gunshot
eco_pos_00042.wav,gunshot
eco_pos_00043.wav,gunshot
eco_pos_00044.wav,gunshot
eco_pos_00045.wav,gunshot
eco_pos_00046.wav,gunshot
eco_pos_00047.wav,gunshot
eco_pos_00048.wav,gunshot
eco_pos_00049.wav,gunshot
eco_pos_00050.wav,gunshot
eco_pos_00051.wav,gunshot
eco_pos_00052.wav,gunshot
eco_pos_00053.wav,gunshot
eco_pos_00054.wav,gunshot
eco_pos_00055.wav,gunshot
eco_pos_00056.wav,gunshot
eco_pos_00057.wav,gunshot
eco_pos_00058.wav,gunshot
eco_pos_00059.wav,gunshot
eco_pos_00060.wav,gunshot
eco_pos_00061.wav,gunshot
eco_pos_00062.wav,gunshot
eco_pos_00063.wav,gunshot
eco_pos_00064.wav,gunshot
eco_pos_00065.wav,gunshot
eco_pos_00066.wav,gunshot
eco_pos_00067.wav,gunshot
eco_pos_00068.wav,gunshot
eco_pos_00069.wav,gunshot
eco_pos_00070.wav,gunshot
eco_pos_00071.wav,gunshot
eco_pos_00072.wav,gunshot
eco_pos_00073.wav,gunshot
eco_pos_00074.wav,gunshot
eco_pos_00075.wav,gunshot
eco_pos_00076.wav,gunshot
eco_pos_00077.wav,gunshot
eco_pos_00078.wav,gunshot
eco_pos_00079.wav,gunshot
eco_pos_00080.wav,gunshot
eco_pos_00081.wav,gunshot
eco_pos_00082.wav,gunshot
eco_pos_00083.wav,gunshot
eco_pos_00084.wav,gunshot
eco_pos_00085.wav,gunshot
eco_pos_00086.wav,gunshot
eco_pos_00087.wav,gunshot
eco_pos_00088.wav,gunshot
eco_pos_00089.wav,gunshot
eco_pos_00090.wav,gunshot
eco_pos_00091.wav,gunshot
eco_pos_00092.wav,gunshot
eco_pos_00093.wav,gunshot
eco_pos_00094.wav,gunshot
eco_pos_00095.wav,gunshot
eco_pos_00096.wav,gunshot
eco_pos_00097.wav,gunshot
eco_pos_00098.wav,gunshot
eco_pos_00099.wav,gunshot
eco_pos_00100.wav,gunshot
eco_pos_00101.wav,gunshot
eco_pos_00102.wav,gunshot
eco_pos_00103.wav,gunshot
eco_pos_00104.wav,gunshot
eco_pos_00105.wav,gunshot
eco_pos_00106.wav,gunshot
eco_pos_00107.wav,gunshot
eco_pos_00108.wav,gunshot
eco_pos_00109.wav,gunshot
eco_pos_00110.wav,gunshot
eco_pos_00111.wav,gunshot
eco_pos_00112.wav,gunshot
eco_pos_00113.wav,gunshot
eco_pos_00114.wav,gunshot
eco_pos_00115.wav,gunshot
eco_pos_00116.wav,gunshot
eco_pos_00117.wav,gunshot
eco_pos_00118.wav,gunshot
eco_pos_00119.wav,gunshot
eco_pos_00120.wav,gunshot
eco_pos_00121.wav,gunshot
eco_pos_00122.wav,gunshot
eco_pos_00123.wav,gunshot
eco_pos_00124.wav,gunshot
eco_pos_00125.wav,gunshot
eco_pos_00126.wav,gunshot
eco_pos_00127.wav,gunshot
eco_pos_00128.wav,gunshot
eco_pos_00129.wav,gunshot
eco_pos_00130.wav,gunshot
eco_pos_00131.wav,gunshot
eco_pos_00132.wav,gunshot
eco_pos_00133.wav,gunshot
eco_pos_00134.wav,gunshot
eco_pos_00135.wav,gunshot
eco_pos_00136.wav,gunshot
eco_pos_00137.wav,gunshot
eco_pos_00138.wav,gunshot
eco_pos_00139.wav,gunshot
eco_pos_00140.wav,gunshot
eco_pos_00141.wav,gunshot
eco_pos_00142.wav,gunshot
eco_pos_00143.wav,gunshot
eco_pos_00144.wav,gunshot
eco_pos_00145.wav,gunshot
eco_pos_00146.wav,gunshot
eco_pos_00147.wav,gunshot
eco_pos_00148.wav,gunshot
eco_pos_00149.wav,gunshot
eco_pos_00150.wav,gunshot
eco_pos_00151.wav,gunshot
eco_pos_00152.wav,gunshot
eco_pos_00153.wav,gunshot
eco_pos_00154.wav,gunshot
eco_pos_00155.wav,gunshot
eco_pos_00156.wav,gunshot
eco_pos_00157.wav,gunshot
eco_pos_00158.wav,gunshot
eco_pos_00159.wav,gunshot
eco_pos_00160.wav,gunshot
eco_pos_00161.wav,gunshot
eco_pos_00162.wav,gunshot
eco_pos_00163.wav,gunshot
eco_pos_00164.wav,gunshot
eco_pos_00165.wav,gunshot
eco_pos_00166.wav,gunshot
eco_pos_00167.wav,gunshot
eco_pos_00168.wav,gunshot
eco_pos_00169.wav,gunshot
eco_pos_00170.wav,gunshot
eco_pos_00171.wav,gunshot
eco_pos_00172.wav,gunshot
eco_pos_00173.wav,gunshot
eco_pos_00174.wav,gunshot
eco_pos_00175.wav,gunshot
eco_pos_00176.wav,gunshot
eco_pos_00177.wav,gunshot
eco_pos_00178.wav,gunshot
eco_pos_00179.wav,gunshot
eco_pos_00180.wav,gunshot
eco_pos_00181.wav,gunshot
eco_pos_00182.wav,gunshot
eco_pos_00183.wav,gunshot
eco_pos_00184.wav,gunshot
eco_pos_00185.wav,gunshot
eco_pos_00186.wav,gunshot
eco_pos_00187.wav,gunshot
eco_pos_00188.wav,gunshot
eco_pos_00189.wav,gunshot
eco_pos_00190.wav,gunshot
eco_pos_00191.wav,gunshot
eco_pos_00192.wav,gunshot
eco_pos_00193.wav,gunshot
eco_pos_00194.wav,gunshot
eco_pos_00195.wav,gunshot
eco_pos_00196.wav,gunshot
eco_pos_00197.wav,gunshot
eco_pos_00198.wav,gunshot
eco_pos_00199.wav,gunshot
eco_pos_00200.wav,gunshot
eco_pos_00201.wav,gunshot
eco_pos_00202.wav,gunshot
eco_pos_00203.wav,gunshot
eco_pos_00204.wav,gunshot
eco_pos_00205.wav,gunshot
eco_pos_00206.wav,gunshot
eco_pos_00207.wav,gunshot
eco_pos_00208.wav,gunshot
eco_pos_00209.wav,gunshot
eco_pos_00210.wav,gunshot
eco_pos_00211.wav,gunshot
eco_pos_00212.wav,gunshot
eco_pos_00213.wav,gunshot
eco_pos_00214.wav,gunshot
eco_pos_00215.wav,gunshot
eco_pos_00216.wav,gunshot
eco_pos_00217.wav,gunshot
eco_pos_00218.wav,gunshot
eco_pos_00219.wav,gunshot
eco_pos_00220.wav,gunshot
eco_pos_00221.wav,gunshot
eco_pos_00222.wav,gunshot
eco_pos_00223.wav,gunshot
eco_pos_00224.wav,gunshot
eco_pos_00225.wav,gunshot
eco_pos_00226.wav,gunshot
eco_pos_00227.wav,gunshot
eco_pos_00228.wav,gunshot
eco_pos_00229.wav,gunshot
eco_pos_00230.wav,gunshot
eco_pos_00231.wav,gunshot
eco_pos_00232.wav,gunshot
eco_pos_00233.wav,gunshot
eco_pos_00234.wav,gunshot
eco_pos_00235.wav,gunshot
eco_pos_00236.wav,gunshot
eco_pos_00237.wav,gunshot
eco_pos_00238.wav,gunshot
eco_pos_00239.wav,gunshot
eco_pos_00240.wav,gunshot
eco_pos_00241.wav,gunshot
eco_pos_00242.wav,gunshot
eco_pos_00243.wav,gunshot
eco_pos_00244.wav,gunshot
eco_pos_00245.wav,gunshot
eco_pos_00246.wav,gunshot
eco_pos_00247.wav,gunshot
eco_pos_00248.wav,gunshot
eco_pos_00249.wav,gunshot
eco_pos_00250.wav,gunshot
eco_pos_00251.wav,gunshot
eco_pos_00252.wav,gunshot
eco_pos_00253.wav,gunshot
eco_pos_00254.wav,gunshot
eco_pos_00255.wav,gunshot
eco_pos_00256.wav,gunshot
eco_pos_00257.wav,gunshot
eco_pos_00258.wav,gunshot
eco_pos_00259.wav,gunshot
eco_pos_00260.wav,gunshot
eco_pos_00261.wav,gunshot
eco_pos_00262.wav,gunshot
eco_pos_00263.wav,gunshot
eco_pos_00264.wav,gunshot
eco_pos_00265.wav,gunshot
eco_pos_00266.wav,gunshot
eco_pos_00267.wav,gunshot
eco_pos_00268.wav,gunshot
eco_pos_00269.wav,gunshot
eco_pos_00270.wav,gunshot
eco_pos_00271.wav,gunshot
eco_pos_00272.wav,gunshot
eco_pos_00273.wav,gunshot
eco_pos_00274.wav,gunshot
eco_pos_00275.wav,gunshot
eco_pos_00276.wav,gunshot
eco_pos_00277.wav,gunshot
eco_pos_00278.wav,gunshot
eco_pos_00279.wav,gunshot
eco_pos_00280.wav,gunshot
eco_pos_00281.wav,gunshot
eco_pos_00282.wav,gunshot
eco_pos_00283.wav,gunshot
eco_pos_00284.wav,gunshot
eco_pos_00285.wav,gunshot
eco_pos_00286.wav,gunshot
eco_pos_00287.wav,gunshot
eco_pos_00288.wav,gunshot
eco_pos_00289.wav,gunshot
eco_pos_00290.wav,gunshot
eco_pos_00291.wav,gunshot
eco_pos_00292.wav,gunshot
eco_pos_00293.wav,gunshot
eco_pos_00294.wav,gunshot
eco_pos_00295.wav,gunshot
eco_pos_00296.wav,gunshot
eco_pos_00297.wav,gunshot
eco_pos_00298.wav,gunshot
eco_pos_00299.wav,gunshot
eco_pos_00300.wav,gunshot
eco_pos_00301.wav,gunshot
eco_pos_00302.wav,gunshot
eco_pos_00303.wav,gunshot
eco_pos_00304.wav,gunshot
eco_pos_00305.wav,gunshot
eco_pos_00306.wav,gunshot
eco_pos_00307.wav,gunshot
eco_pos_00308.wav,gunshot
eco_pos_00309.wav,gunshot
eco_pos_00310.wav,gunshot
eco_pos_00311.wav,gunshot
eco_pos_00312.wav,gunshot
eco_pos_00313.wav,gunshot
eco_pos_00314.wav,gunshot
eco_pos_00315.wav,gunshot
eco_pos_00316.wav,gunshot
eco_pos_00317.wav,gunshot
eco_pos_00318.wav,gunshot
eco_pos_00319.wav,gunshot
eco_pos_00320.wav,gunshot
eco_pos_00321.wav,gunshot
eco_pos_00322.wav,gunshot
eco_pos_00323.wav,gunshot
eco_pos_00324.wav,gunshot
eco_pos_00325.wav,gunshot
eco_pos_00326.wav,gunshot
eco_pos_00327.wav,gunshot
eco_pos_00328.wav,gunshot
eco_pos_00329.wav,gunshot
eco_pos_00330.wav,gunshot
eco_pos_00331.wav,gunshot
eco_pos_00332.wav,gunshot
eco_pos_00333.wav,gunshot
eco_pos_00334.wav,gunshot
eco_pos_00335.wav,gunshot
eco_pos_00336.wav,gunshot
eco_pos_00337.wav,gunshot
eco_pos_00338.wav,gunshot
eco_pos_00339.wav,gunshot
eco_pos_00340.wav,gunshot
eco_pos_00341.wav,gunshot
eco_pos_00342.wav,gunshot
eco_pos_00343.wav,gunshot
eco_pos_00344.wav,gunshot
eco_pos_00345.wav,gunshot
eco_pos_00346.wav,gunshot
eco_pos_00347.wav,gunshot
eco_pos_00348.wav,gunshot
eco_pos_00349.wav,gunshot
eco_pos_00350.wav,gunshot
eco_pos_00351.wav,gunshot
eco_pos_00352.wav,gunshot
eco_pos_00353.wav,gunshot
eco_pos_00354.wav,gunshot
eco_pos_00355.wav,gunshot
eco_pos_00356.wav,gunshot
eco_pos_00357.wav,gunshot
eco_pos_00358.wav,gunshot
eco_pos_00359.wav,gunshot
eco_pos_00360.wav,gunshot
eco_pos_00361.wav,gunshot
eco_pos_00362.wav,gunshot
eco_pos_00363.wav,gunshot
eco_pos_00364.wav,gunshot
eco_pos_00365.wav,gunshot
eco_pos_00366.wav,gunshot
eco_pos_00367.wav,gunshot
eco_pos_00368.wav,gunshot
eco_pos_00369.wav,gunshot
eco_pos_00370.wav,gunshot
eco_pos_00371.wav,gunshot
eco_pos_00372.wav,gunshot
eco_pos_00373.wav,gunshot
eco_pos_00374.wav,gunshot
eco_pos_00375.wav,gunshot
eco_pos_00376.wav,gunshot
eco_pos_00377.wav,gunshot
eco_pos_00378.wav,gunshot
eco_pos_00379.wav,gunshot
eco_pos_00380.wav,gunshot
eco_pos_00381.wav,gunshot
eco_pos_00382.wav,gunshot
eco_pos_00383.wav,gunshot
eco_pos_00384.wav,gunshot
eco_pos_00385.wav,gunshot
eco_pos_00386.wav,gunshot
eco_pos_00387.wav,gunshot
eco_pos_00388.wav,gunshot
eco_pos_00389.wav,gunshot
eco_pos_00390.wav,gunshot
eco_pos_00391.wav,gunshot
eco_pos_00392.wav,gunshot
eco_pos_00393.wav,gunshot
eco_pos_00394.wav,gunshot
eco_pos_00395.wav,gunshot
eco_pos_00396.wav,gunshot
eco_pos_00397.wav,gunshot
eco_pos_00398.wav,gunshot
eco_pos_00399.wav,gunshot
eco_pos_00400.wav,gunshot
eco_pos_00401.wav,gunshot
eco_pos_00402.wav,gunshot
eco_pos_00403.wav,gunshot
eco_pos_00404.wav,gunshot
eco_pos_00405.wav,gunshot
eco_pos_00406.wav,gunshot
eco_pos_00407.wav,gunshot
eco_pos_00408.wav,gunshot
eco_pos_00409.wav,gunshot
eco_pos_00410.wav,gunshot
eco_pos_00411.wav,gunshot
eco_pos_00412.wav,gunshot
eco_pos_00413.wav,gunshot
eco_pos_00414.wav,gunshot
eco_pos_00415.wav,gunshot
eco_pos_00416.wav,gunshot
eco_pos_00417.wav,gunshot
eco_pos_00418.wav,gunshot
eco_pos_00419.wav,gunshot
eco_pos_00420.wav,gunshot
eco_pos_00421.wav,gunshot
eco_pos_00422.wav,gunshot
eco_pos_00423.wav,gunshot
eco_pos_00424.wav,gunshot
eco_pos_00425.wav,gunshot
eco_pos_00426.wav,gunshot
eco_pos_00427.wav,gunshot
eco_pos_00428.wav,gunshot
eco_pos_00429.wav,gunshot
eco_pos_00430.wav,gunshot
eco_pos_00431.wav,gunshot
eco_pos_00432.wav,gunshot
eco_pos_00433.wav,gunshot
eco_pos_00434.wav,gunshot
eco_pos_00435.wav,gunshot
eco_pos_00436.wav,gunshot
eco_pos_00437.wav,gunshot
eco_pos_00438.wav,gunshot
eco_pos_00439.wav,gunshot
eco_pos_00440.wav,gunshot
eco_pos_00441.wav,gunshot
eco_pos_00442.wav,gunshot
eco_pos_00443.wav,gunshot
eco_pos_00444.wav,gunshot
eco_pos_00445.wav,gunshot
eco_pos_00446.wav,gunshot
eco_pos_00447.wav,gunshot
eco_pos_00448.wav,gunshot
eco_pos_00449.wav,gunshot
eco_pos_00450.wav,gunshot
eco_pos_00451.wav,gunshot
eco_pos_00452.wav,gunshot
eco_pos_00453.wav,gunshot
eco_pos_00454.wav,gunshot
eco_pos_00455.wav,gunshot
eco_pos_00456.wav,gunshot
eco_pos_00457.wav,gunshot
eco_pos_00458.wav,gunshot
eco_pos_00459.wav,gunshot
eco_pos_00460.wav,gunshot
eco_pos_00461.wav,gunshot
eco_pos_00462.wav,gunshot
eco_pos_00463.wav,gunshot
eco_pos_00464.wav,gunshot
eco_pos_00465.wav,gunshot
eco_pos_00466.wav,gunshot
eco_pos_00467.wav,gunshot
eco_pos_00468.wav,gunshot
eco_pos_00469.wav,gunshot
eco_pos_00470.wav,gunshot
eco_pos_00471.wav,gunshot
eco_pos_00472.wav,gunshot
eco_pos_00473.wav,gunshot
eco_pos_00474.wav,gunshot
eco_pos_00475.wav,gunshot
eco_pos_00476.wav,gunshot
eco_pos_00477.wav,gunshot
eco_pos_00478.wav,gunshot
eco_pos_00479.wav,gunshot
eco_pos_00480.wav,gunshot
eco_pos_00481.wav,gunshot
eco_pos_00482.wav,gunshot
eco_pos_00483.wav,gunshot
eco_pos_00484.wav,gunshot
eco_pos_00485.wav,gunshot
eco_pos_00486.wav,gunshot
eco_pos_00487.wav,gunshot
eco_pos_00488.wav,gunshot
eco_pos_00489.wav,gunshot
eco_pos_00490.wav,gunshot
eco_pos_00491.wav,gunshot
eco_pos_00492.wav,gunshot
eco_pos_00493.wav,gunshot
eco_pos_00494.wav,gunshot
eco_pos_00495.wav,gunshot
eco_pos_00496.wav,gunshot
eco_pos_00497.wav,gunshot
eco_pos_00498.wav,gunshot
eco_pos_00499.wav,gunshot
eco_pos_00500.wav,gunshot
eco_pos_00501.wav,gunshot
eco_pos_00502.wav,gunshot
eco_pos_00503.wav,gunshot
eco_pos_00504.wav,gunshot
eco_pos_00505.wav,gunshot
eco_pos_00506.wav,gunshot
eco_pos_00507.wav,gunshot
eco_pos_00508.wav,gunshot
eco_pos_00509.wav,gunshot
eco_pos_00510.wav,gunshot
eco_pos_00511.wav,gunshot
eco_pos_00512.wav,gunshot
eco_pos_00513.wav,gunshot
eco_pos_00514.wav,gunshot
eco_pos_00515.wav,gunshot
eco_pos_00516.wav,gunshot
eco_pos_00517.wav,gunshot
eco_pos_00518.wav,gunshot
eco_pos_00519.wav,gunshot
eco_pos_00520.wav,gunshot
eco_pos_00521.wav,gunshot
eco_pos_00522.wav,gunshot
eco_pos_00523.wav,gunshot
eco_pos_00524.wav,gunshot
eco_pos_00525.wav,gunshot
eco_pos_00526.wav,gunshot
eco_pos_00527.wav,gunshot
eco_pos_00528.wav,gunshot
eco_pos_00529.wav,gunshot
eco_pos_00530.wav,gunshot
eco_pos_00531.wav,gunshot
eco_pos_00532.wav,gunshot
eco_pos_00533.wav,gunshot
eco_pos_00534.wav,gunshot
eco_pos_00535.wav,gunshot
eco_pos_00536.wav,gunshot
eco_pos_00537.wav,gunshot
eco_pos_00538.wav,gunshot
eco_pos_00539.wav,gunshot
eco_pos_00540.wav,gunshot
eco_pos_00541.wav,gunshot
eco_pos_00542.wav,gunshot
eco_pos_00543.wav,gunshot
eco_pos_00544.wav,gunshot
eco_pos_00545.wav,gunshot
eco_pos_00546.wav,gunshot
eco_pos_00547.wav,gunshot
eco_pos_00548.wav,gunshot
eco_pos_00549.wav,gunshot
eco_pos_00550.wav,gunshot
eco_pos_00551.wav,gunshot
eco_pos_00552.wav,gunshot
eco_pos_00553.wav,gunshot
eco_pos_00554.wav,gunshot
eco_pos_00555.wav,gunshot
eco_pos_00556.wav,gunshot
eco_pos_00557.wav,gunshot
eco_pos_00558.wav,gunshot
eco_pos_00559.wav,gunshot
eco_pos_00560.wav,gunshot
eco_pos_00561.wav,gunshot
eco_pos_00562.wav,gunshot
eco_pos_00563.wav,gunshot
eco_pos_00564.wav,gunshot
eco_pos_00565.wav,gunshot
eco_pos_00566.wav,gunshot
eco_pos_00567.wav,gunshot
eco_pos_00568.wav,gunshot
eco_pos_00569.wav,gunshot
eco_pos_00570.wav,gunshot
eco_pos_00571.wav,gunshot
eco_pos_00572.wav,gunshot
eco_pos_00573.wav,gunshot
eco_pos_00574.wav,gunshot
eco_pos_00575.wav,gunshot
eco_pos_00576.wav,gunshot
eco_pos_00577.wav,gunshot
eco_pos_00578.wav,gunshot
eco_pos_00579.wav,gunshot
eco_pos_00580.wav,gunshot
eco_pos_00581.wav,gunshot
eco_pos_00582.wav,gunshot
eco_pos_00583.wav,gunshot
eco_pos_00584.wav,gunshot
eco_pos_00585.wav,gunshot
eco_pos_00586.wav,gunshot
eco_pos_00587.wav,gunshot
eco_pos_00588.wav,gunshot
eco_pos_00589.wav,gunshot
eco_pos_00590.wav,gunshot
eco_pos_00591.wav,gunshot
eco_pos_00592.wav,gunshot
eco_pos_00593.wav,gunshot
eco_pos_00594.wav,gunshot
eco_pos_00595.wav,gunshot
eco_pos_00596.wav,gunshot
eco_pos_00597.wav,gunshot
eco_pos_00598.wav,gunshot
eco_pos_00599.wav,gunshot
eco_pos_00600.wav,gunshot
eco_pos_00601.wav,gunshot
eco_pos_00602.wav,gunshot
eco_pos_00603.wav,gunshot
eco_pos_00604.wav,gunshot
eco_pos_00605.wav,gunshot
eco_pos_00606.wav,gunshot
eco_pos_00607.wav,gunshot
eco_pos_00608.wav,gunshot
eco_pos_00609.wav,gunshot
eco_pos_00610.wav,gunshot
eco_pos_00611.wav,gunshot
eco_pos_00612.wav,gunshot
eco_pos_00613.wav,gunshot
eco_pos_00614.wav,gunshot
eco_pos_00615.wav,gunshot
eco_pos_00616.wav,gunshot
eco_pos_00617.wav,gunshot
eco_pos_00618.wav,gunshot
eco_pos_00619.wav,gunshot
eco_pos_00620.wav,gunshot
eco_pos_00621.wav,gunshot
eco_pos_00622.wav,gunshot
eco_pos_00623.wav,gunshot
eco_pos_00624.wav,gunshot
eco_pos_00625.wav,gunshot
eco_pos_00626.wav,gunshot
eco_pos_00627.wav,gunshot
eco_pos_00628.wav,gunshot
eco_pos_00629.wav,gunshot
eco_pos_00630.wav,gunshot
eco_pos_00631.wav,gunshot
eco_pos_00632.wav,gunshot
eco_pos_00633.wav,gunshot
eco_pos_00634.wav,gunshot
eco_pos_00635.wav,gunshot
eco_pos_00636.wav,gunshot
eco_pos_00637.wav,gunshot
eco_pos_00638.wav,gunshot
eco_pos_00639.wav,gunshot
eco_pos_00640.wav,gunshot
eco_pos_00641.wav,gunshot
eco_pos_00642.wav,gunshot
eco_pos_00643.wav,gunshot
eco_pos_00644.wav,gunshot
eco_pos_00645.wav,gunshot
eco_pos_00646.wav,gunshot
eco_pos_00647.wav,gunshot
eco_pos_00648.wav,gunshot
eco_pos_00649.wav,gunshot
eco_pos_00650.wav,gunshot
eco_pos_00651.wav,gunshot
eco_pos_00652.wav,gunshot
eco_pos_00653.wav,gunshot
eco_pos_00654.wav,gunshot
eco_pos_00655.wav,gunshot
eco_pos_00656.wav,gunshot
eco_pos_00657.wav,gunshot
eco_pos_00658.wav,gunshot
eco_pos_00659.wav,gunshot
eco_pos_00660.wav,gunshot
eco_pos_00661.wav,gunshot
eco_pos_00662.wav,gunshot
eco_pos_00663.wav,gunshot
eco_pos_00664.wav,gunshot
eco_pos_00665.wav,gunshot
eco_pos_00666.wav,gunshot
eco_pos_00667.wav,gunshot
eco_pos_00668.wav,gunshot
eco_pos_00669.wav,gunshot
eco_pos_00670.wav,gunshot
eco_pos_00671.wav,gunshot
eco_pos_00672.wav,gunshot
eco_pos_00673.wav,gunshot
eco_pos_00674.wav,gunshot
eco_pos_00675.wav,gunshot
eco_pos_00676.wav,gunshot
eco_pos_00677.wav,gunshot
eco_pos_00678.wav,gunshot
eco_pos_00679.wav,gunshot
eco_pos_00680.wav,gunshot
eco_pos_00681.wav,gunshot
eco_pos_00682.wav,gunshot
eco_pos_00683.wav,gunshot
eco_pos_00684.wav,gunshot
eco_pos_00685.wav,gunshot
eco_pos_00686.wav,gunshot
eco_pos_00687.wav,gunshot
eco_pos_00688.wav,gunshot
eco_pos_00689.wav,gunshot
eco_pos_00690.wav,gunshot
eco_pos_00691.wav,gunshot
eco_pos_00692.wav,gunshot
eco_pos_00693.wav,gunshot
eco_pos_00694.wav,gunshot
eco_pos_00695.wav,gunshot
eco_pos_00696.wav,gunshot
eco_pos_00697.wav,gunshot
eco_pos_00698.wav,gunshot
eco_pos_00699.wav,gunshot
eco_pos_00700.wav,gunshot
eco_pos_00701.wav,gunshot
eco_pos_00702.wav,gunshot
eco_pos_00703.wav,gunshot
eco_pos_00704.wav,gunshot
eco_pos_00705.wav,gunshot
eco_pos_00706.wav,gunshot
eco_pos_00707.wav,gunshot
eco_pos_00708.wav,gunshot
eco_pos_00709.wav,gunshot
eco_pos_00710.wav,gunshot
eco_pos_00711.wav,gunshot
eco_pos_00712.wav,gunshot
eco_pos_00713.wav,gunshot
eco_pos_00714.wav,gunshot
eco_pos_00715.wav,gunshot
eco_pos_00716.wav,gunshot
eco_pos_00717.wav,gunshot
eco_pos_00718.wav,gunshot
eco_pos_00719.wav,gunshot
eco_pos_00720.wav,gunshot
eco_pos_00721.wav,gunshot
eco_pos_00722.wav,gunshot
eco_pos_00723.wav,gunshot
eco_pos_00724.wav,gunshot
eco_pos_00725.wav,gunshot
eco_pos_00726.wav,gunshot
eco_pos_00727.wav,gunshot
eco_pos_00728.wav,gunshot
eco_pos_00729.wav,gunshot
eco_pos_00730.wav,gunshot
eco_pos_00731.wav,gunshot
eco_pos_00732.wav,gunshot
eco_pos_00733.wav,gunshot
eco_pos_00734.wav,gunshot
eco_pos_00735.wav,gunshot
eco_pos_00736.wav,gunshot
eco_pos_00737.wav,gunshot
eco_pos_00738.wav,gunshot
eco_pos_00739.wav,gunshot
eco_pos_00740.wav,gunshot
eco_pos_00741.wav,gunshot
eco_pos_00742.wav,gunshot
eco_pos_00743.wav,gunshot
eco_pos_00744.wav,gunshot
eco_pos_00745.wav,gunshot
eco_pos_00746.wav,gunshot
eco_pos_00747.wav,gunshot
eco_pos_00748.wav,gunshot
eco_pos_00749.wav,gunshot
eco_pos_00750.wav,gunshot
eco_pos_00751.wav,gunshot
eco_pos_00752.wav,gunshot
eco_pos_00753.wav,gunshot
eco_pos_00754.wav,gunshot
eco_pos_00755.wav,gunshot
eco_pos_00756.wav,gunshot
eco_pos_00757.wav,gunshot
eco_pos_00758.wav,gunshot
eco_pos_00759.wav,gunshot
eco_pos_00760.wav,gunshot
eco_pos_00761.wav,gunshot
eco_pos_00762.wav,gunshot
eco_pos_00763.wav,gunshot
eco_pos_00764.wav,gunshot
eco_pos_00765.wav,gunshot
eco_pos_00766.wav,gunshot
eco_pos_00767.wav,gunshot
eco_pos_00768.wav,gunshot
eco_pos_00769.wav,gunshot
eco_pos_00770.wav,gunshot
eco_pos_00771.wav,gunshot
eco_pos_00772.wav,gunshot
eco_pos_00773.wav,gunshot
eco_pos_00774.wav,gunshot
eco_pos_00775.wav,gunshot
eco_pos_00776.wav,gunshot
eco_pos_00777.wav,gunshot
eco_pos_00778.wav,gunshot
eco_pos_00779.wav,gunshot
eco_pos_00780.wav,gunshot
eco_pos_00781.wav,gunshot
eco_pos_00782.wav,gunshot
eco_pos_00783.wav,gunshot
eco_pos_00784.wav,gunshot
eco_pos_00785.wav,gunshot
eco_pos_00786.wav,gunshot
eco_pos_00787.wav,gunshot
eco_pos_00788.wav,gunshot
eco_pos_00789.wav,gunshot
eco_pos_00790.wav,gunshot
eco_pos_00791.wav,gunshot
eco_pos_00792.wav,gunshot
eco_pos_00793.wav,gunshot
eco_pos_00794.wav,gunshot
eco_pos_00795.wav,gunshot
eco_pos_00796.wav,gunshot
eco_pos_00797.wav,gunshot
eco_pos_00798.wav,gunshot
eco_pos_00799.wav,gunshot
eco_pos_00800.wav,gunshot
eco_pos_00801.wav,gunshot
eco_pos_00802.wav,gunshot
eco_pos_00803.wav,gunshot
eco_pos_00804.wav,gunshot
eco_pos_00805.wav,gunshot
eco_pos_00806.wav,gunshot
eco_pos_00807.wav,gunshot
eco_pos_00808.wav,gunshot
eco_pos_00809.wav,gunshot
eco_pos_00810.wav,gunshot
eco_pos_00811.wav,gunshot
eco_pos_00812.wav,gunshot
eco_pos_00813.wav,gunshot
eco_pos_00814.wav,gunshot
eco_pos_00815.wav,gunshot
eco_pos_00816.wav,gunshot
eco_pos_00817.wav,gunshot
eco_pos_00818.wav,gunshot
eco_pos_00819.wav,gunshot
eco_pos_00820.wav,gunshot
eco_pos_00821.wav,gunshot
eco_pos_00822.wav,gunshot
eco_pos_00823.wav,gunshot
eco_pos_00824.wav,gunshot
eco_pos_00825.wav,gunshot
eco_pos_00826.wav,gunshot
eco_pos_00827.wav,gunshot
eco_pos_00828.wav,gunshot
eco_pos_00829.wav,gunshot
eco_pos_00830.wav,gunshot
eco_pos_00831.wav,gunshot
eco_pos_00832.wav,gunshot
eco_pos_00833.wav,gunshot
eco_pos_00834.wav,gunshot
eco_pos_00835.wav,gunshot
eco_pos_00836.wav,gunshot
eco_pos_00837.wav,gunshot
eco_pos_00838.wav,gunshot
eco_pos_00839.wav,gunshot
eco_pos_00840.wav,gunshot
eco_pos_00841.wav,gunshot
eco_pos_00842.wav,gunshot
eco_pos_00843.wav,gunshot
eco_pos_00844.wav,gunshot
eco_pos_00845.wav,gunshot
eco_pos_00846.wav,gunshot
eco_pos_00847.wav,gunshot
eco_pos_00848.wav,gunshot
eco_pos_00849.wav,gunshot
eco_pos_00850.wav,gunshot
eco_pos_00851.wav,gunshot
eco_pos_00852.wav,gunshot
eco_pos_00853.wav,gunshot
eco_pos_00854.wav,gunshot
eco_pos_00855.wav,gunshot
eco_pos_00856.wav,gunshot
eco_pos_00857.wav,gunshot
eco_pos_00858.wav,gunshot
eco_pos_00859.wav,gunshot
eco_pos_00860.wav,gunshot
eco_pos_00861.wav,gunshot
eco_pos_00862.wav,gunshot
eco_pos_00863.wav,gunshot
eco_pos_00864.wav,gunshot
eco_pos_00865.wav,gunshot
eco_pos_00866.wav,gunshot
eco_pos_00867.wav,gunshot
eco_pos_00868.wav,gunshot
eco_pos_00869.wav,gunshot
eco_pos_00870.wav,gunshot
eco_pos_00871.wav,gunshot
eco_pos_00872.wav,gunshot
eco_pos_00873.wav,gunshot
eco_pos_00874.wav,gunshot
eco_pos_00875.wav,gunshot
eco_pos_00876.wav,gunshot
eco_pos_00877.wav,gunshot
eco_pos_00878.wav,gunshot
eco_pos_00879.wav,gunshot
eco_pos_00880.wav,gunshot
eco_pos_00881.wav,gunshot
eco_pos_00882.wav,gunshot
eco_pos_00883.wav,gunshot
eco_pos_00884.wav,gunshot
eco_pos_00885.wav,gunshot
eco_pos_00886.wav,gunshot
eco_pos_00887.wav,gunshot
eco_pos_00888.wav,gunshot
eco_pos_00889.wav,gunshot
eco_pos_00890.wav,gunshot
eco_pos_00891.wav,gunshot
eco_pos_00892.wav,gunshot
eco_pos_00893.wav,gunshot
eco_pos_00894.wav,gunshot
eco_pos_00895.wav,gunshot
eco_pos_00896.wav,gunshot
eco_pos_00897.wav,gunshot
eco_pos_00898.wav,gunshot
eco_pos_00899.wav,gunshot
eco_pos_00900.wav,gunshot
eco_pos_00901.wav,gunshot
eco_pos_00902.wav,gunshot
eco_pos_00903.wav,gunshot
eco_pos_00904.wav,gunshot
eco_pos_00905.wav,gunshot
eco_pos_00906.wav,gunshot
eco_pos_00907.wav,gunshot
eco_pos_00908.wav,gunshot
eco_pos_00909.wav,gunshot
eco_pos_00910.wav,gunshot
eco_pos_00911.wav,gunshot
eco_pos_00912.wav,gunshot
eco_pos_00913.wav,gunshot
eco_pos_00914.wav,gunshot
eco_pos_00915.wav,gunshot
eco_pos_00916.wav,gunshot
eco_pos_00917.wav,gunshot
eco_pos_00918.wav,gunshot
eco_pos_00919.wav,gunshot
eco_pos_00920.wav,gunshot
eco_pos_00921.wav,gunshot
eco_pos_00922.wav,gunshot
eco_pos_00923.wav,gunshot
eco_pos_00924.wav,gunshot
eco_pos_00925.wav,gunshot
eco_pos_00926.wav,gunshot
eco_pos_00927.wav,gunshot
eco_pos_00928.wav,gunshot
eco_pos_00929.wav,gunshot
eco_pos_00930.wav,gunshot
eco_pos_00931.wav,gunshot
eco_pos_00932.wav,gunshot
eco_pos_00933.wav,gunshot
eco_pos_00934.wav,gunshot
eco_pos_00935.wav,gunshot
eco_pos_00936.wav,gunshot
eco_pos_00937.wav,gunshot
eco_pos_00938.wav,gunshot
eco_pos_00939.wav,gunshot
eco_pos_00940.wav,gunshot
eco_pos_00941.wav,gunshot
eco_pos_00942.wav,gunshot
eco_pos_00943.wav,gunshot
eco_pos_00944.wav,gunshot
eco_pos_00945.wav,gunshot
eco_pos_00946.wav,gunshot
eco_pos_00947.wav,gunshot
eco_pos_00948.wav,gunshot
eco_pos_00949.wav,gunshot
eco_pos_00950.wav,gunshot
eco_pos_00951.wav,gunshot
eco_pos_00952.wav,gunshot
eco_pos_00953.wav,gunshot
eco_pos_00954.wav,gunshot
eco_pos_00955.wav,gunshot
eco_pos_00956.wav,gunshot
eco_pos_00957.wav,gunshot
eco_pos_00958.wav,gunshot
eco_pos_00959.wav,gunshot
eco_pos_00960.wav,gunshot
eco_pos_00961.wav,gunshot
eco_pos_00962.wav,gunshot
eco_pos_00963.wav,gunshot
eco_pos_00964.wav,gunshot
eco_pos_00965.wav,gunshot
eco_pos_00966.wav,gunshot
eco_pos_00967.wav,gunshot
eco_pos_00968.wav,gunshot
eco_pos_00969.wav,gunshot
eco_pos_00970.wav,gunshot
eco_pos_00971.wav,gunshot
eco_pos_00972.wav,gunshot
eco_pos_00973.wav,gunshot
eco_pos_00974.wav,gunshot
eco_pos_00975.wav,gunshot
eco_pos_00976.wav,gunshot
eco_pos_00977.wav,gunshot
eco_pos_00978.wav,gunshot
eco_pos_00979.wav,gunshot
eco_pos_00980.wav,gunshot
eco_pos_00981.wav,gunshot
eco_pos_00982.wav,gunshot
eco_pos_00983.wav,gunshot
eco_pos_00984.wav,gunshot
eco_pos_00985.wav,gunshot
eco_pos_00986.wav,gunshot
eco_pos_00987.wav,gunshot
eco_pos_00988.wav,gunshot
eco_pos_00989.wav,gunshot
eco_pos_00990.wav,gunshot
eco_pos_00991.wav,gunshot
eco_pos_00992.wav,gunshot
eco_pos_00993.wav,gunshot
eco_pos_00994.wav,gunshot
eco_pos_00995.wav,gunshot
eco_pos_00996.wav,gunshot
eco_pos_00997.wav,gunshot
eco_pos_00998.wav,gunshot
eco_pos_00999.wav,gunshot
eco_pos_01000.wav,gunshot
eco_pos_01001.wav,gunshot
eco_pos_01002.wav,gunshot
eco_pos_01003.wav,gunshot
eco_pos_01004.wav,gunshot
eco_pos_01005.wav,gunshot
eco_pos_01006.wav,gunshot
eco_pos_01007.wav,gunshot
eco_pos_01008.wav,gunshot
eco_pos_01009.wav,gunshot
eco_pos_01010.wav,gunshot
eco_pos_01011.wav,gunshot
eco_pos_01012.wav,gunshot
eco_pos_01013.wav,gunshot
eco_pos_01014.wav,gunshot
eco_pos_01015.wav,gunshot
eco_pos_01016.wav,gunshot
eco_pos_01017.wav,gunshot
eco_pos_01018.wav,gunshot
eco_pos_01019.wav,gunshot
eco_pos_01020.wav,gunshot
eco_pos_01021.wav,gunshot
eco_pos_01022.wav,gunshot
eco_pos_01023.wav,gunshot
eco_pos_01024.wav,gunshot
eco_pos_01025.wav,gunshot
eco_pos_01026.wav,gunshot
eco_pos_01027.wav,gunshot
eco_pos_01028.wav,gunshot
eco_pos_01029.wav,gunshot
eco_pos_01030.wav,gunshot
eco_pos_01031.wav,gunshot
eco_pos_01032.wav,gunshot
eco_pos_01033.wav,gunshot
eco_pos_01034.wav,gunshot
eco_pos_01035.wav,gunshot
eco_pos_01036.wav,gunshot
eco_pos_01037.wav,gunshot
eco_pos_01038.wav,gunshot
eco_pos_01039.wav,gunshot
eco_pos_01040.wav,gunshot
eco_pos_01041.wav,gunshot
eco_pos_01042.wav,gunshot
eco_pos_01043.wav,gunshot
eco_pos_01044.wav,gunshot
eco_pos_01045.wav,gunshot
eco_pos_01046.wav,gunshot
eco_pos_01047.wav,gunshot
eco_pos_01048.wav,gunshot
eco_pos_01049.wav,gunshot
eco_pos_01050.wav,gunshot
eco_pos_01051.wav,gunshot
eco_pos_01052.wav,gunshot
eco_pos_01053.wav,gunshot
eco_pos_01054.wav,gunshot
eco_pos_01055.wav,gunshot
eco_pos_01056.wav,gunshot
eco_pos_01057.wav,gunshot
eco_pos_01058.wav,gunshot
eco_pos_01059.wav,gunshot
eco_pos_01060.wav,gunshot
eco_pos_01061.wav,gunshot
eco_pos_01062.wav,gunshot
eco_pos_01063.wav,gunshot
eco_pos_01064.wav,gunshot
eco_pos_01065.wav,gunshot
eco_pos_01066.wav,gunshot
eco_pos_01067.wav,gunshot
eco_pos_01068.wav,gunshot
eco_pos_01069.wav,gunshot
eco_pos_01070.wav,gunshot
eco_pos_01071.wav,gunshot
eco_pos_01072.wav,gunshot
eco_pos_01073.wav,gunshot
eco_pos_01074.wav,gunshot
eco_pos_01075.wav,gunshot
eco_pos_01076.wav,gunshot
eco_pos_01077.wav,gunshot
eco_pos_01078.wav,gunshot
eco_pos_01079.wav,gunshot
eco_pos_01080.wav,gunshot
eco_pos_01081.wav,gunshot
eco_pos_01082.wav,gunshot
eco_pos_01083.wav,gunshot
eco_pos_01084.wav,gunshot
eco_pos_01085.wav,gunshot
eco_pos_01086.wav,gunshot
eco_pos_01087.wav,gunshot
eco_pos_01088.wav,gunshot
eco_pos_01089.wav,gunshot
eco_pos_01090.wav,gunshot
eco_pos_01091.wav,gunshot
eco_pos_01092.wav,gunshot
eco_pos_01093.wav,gunshot
eco_pos_01094.wav,gunshot
pnnn_pos_00012.wav,gunshot
pnnn_pos_00013.wav,gunshot
pnnn_pos_00014.wav,gunshot
pnnn_pos_00015.wav,gunshot
pnnn_pos_00016.wav,gunshot
pnnn_pos_00017.wav,gunshot
eco_neg_00000.wav,not_gunshot
eco_neg_00001.wav,not_gunshot
eco_neg_00002.wav,not_gunshot
eco_neg_00003.wav,not_gunshot
eco_neg_00004.wav,not_gunshot
eco_neg_00005.wav,not_gunshot
eco_neg_00006.wav,not_gunshot
eco_neg_00007.wav,not_gunshot
eco_neg_00008.wav,not_gunshot
eco_neg_00009.wav,not_gunshot
eco_neg_00010.wav,not_gunshot
eco_neg_00011.wav,not_gunshot
eco_neg_00012.wav,not_gunshot
eco_neg_00013.wav,not_gunshot
eco_neg_00014.wav,not_gunshot
eco_neg_00015.wav,not_gunshot
eco_neg_00016.wav,not_gunshot
eco_neg_00017.wav,not_gunshot
eco_neg_00018.wav,not_gunshot
eco_neg_00019.wav,not_gunshot
eco_neg_00020.wav,not_gunshot
eco_neg_00021.wav,not_gunshot
eco_neg_00022.wav,not_gunshot
eco_neg_00023.wav,not_gunshot
eco_neg_00024.wav,not_gunshot
eco_neg_00025.wav,not_gunshot
eco_neg_00026.wav,not_gunshot
eco_neg_00027.wav,not_gunshot
eco_neg_00028.wav,not_gunshot
eco_neg_00029.wav,not_gunshot
eco_neg_00030.wav,not_gunshot
eco_neg_00031.wav,not_gunshot
eco_neg_00032.wav,not_gunshot
eco_neg_00033.wav,not_gunshot
eco_neg_00034.wav,not_gunshot
eco_neg_00035.wav,not_gunshot
eco_neg_00036.wav,not_gunshot
eco_neg_00037.wav,not_gunshot
eco_neg_00038.wav,not_gunshot
eco_neg_00039.wav,not_gunshot
eco_neg_00040.wav,not_gunshot
eco_neg_00041.wav,not_gunshot
eco_neg_00042.wav,not_gunshot
eco_neg_00043.wav,not_gunshot
eco_neg_00044.wav,not_gunshot
eco_neg_00045.wav,not_gunshot
eco_neg_00046.wav,not_gunshot
eco_neg_00047.wav,not_gunshot
eco_neg_00048.wav,not_gunshot
eco_neg_00049.wav,not_gunshot
eco_neg_00050.wav,not_gunshot
eco_neg_00051.wav,not_gunshot
eco_neg_00052.wav,not_gunshot
eco_neg_00053.wav,not_gunshot
eco_neg_00054.wav,not_gunshot
eco_neg_00055.wav,not_gunshot
eco_neg_00056.wav,not_gunshot
eco_neg_00057.wav,not_gunshot
eco_neg_00058.wav,not_gunshot
eco_neg_00059.wav,not_gunshot
eco_neg_00060.wav,not_gunshot
eco_neg_00061.wav,not_gunshot
eco_neg_00062.wav,not_gunshot
eco_neg_00063.wav,not_gunshot
eco_neg_00064.wav,not_gunshot
eco_neg_00065.wav,not_gunshot
eco_neg_00066.wav,not_gunshot
eco_neg_00067.wav,not_gunshot
eco_neg_00068.wav,not_gunshot
eco_neg_00069.wav,not_gunshot
eco_neg_00070.wav,not_gunshot
eco_neg_00071.wav,not_gunshot
eco_neg_00072.wav,not_gunshot
eco_neg_00073.wav,not_gunshot
eco_neg_00074.wav,not_gunshot
eco_neg_00075.wav,not_gunshot
eco_neg_00076.wav,not_gunshot
eco_neg_00077.wav,not_gunshot
eco_neg_00078.wav,not_gunshot
eco_neg_00079.wav,not_gunshot
eco_neg_00080.wav,not_gunshot
eco_neg_00081.wav,not_gunshot
eco_neg_00082.wav,not_gunshot
eco_neg_00083.wav,not_gunshot
eco_neg_00084.wav,not_gunshot
eco_neg_00085.wav,not_gunshot
eco_neg_00086.wav,not_gunshot
eco_neg_00087.wav,not_gunshot
eco_neg_00088.wav,not_gunshot
eco_neg_00089.wav,not_gunshot
eco_neg_00090.wav,not_gunshot
eco_neg_00091.wav,not_gunshot
eco_neg_00092.wav,not_gunshot
eco_neg_00093.wav,not_gunshot
eco_neg_00094.wav,not_gunshot
eco_neg_00095.wav,not_gunshot
eco_neg_00000.wav,not_gunshot
eco_neg_00001.wav,not_gunshot
eco_neg_00002.wav,not_gunshot
eco_neg_00003.wav,not_gunshot
eco_neg_00004.wav,not_gunshot
eco_neg_00005.wav,not_gunshot
eco_neg_00006.wav,not_gunshot
eco_neg_00007.wav,not_gunshot
eco_neg_00008.wav,not_gunshot
eco_neg_00009.wav,not_gunshot
eco_neg_00010.wav,not_gunshot
eco_neg_00011.wav,not_gunshot
eco_neg_00012.wav,not_gunshot
eco_neg_00013.wav,not_gunshot
eco_neg_00014.wav,not_gunshot
eco_neg_00015.wav,not_gunshot
eco_neg_00016.wav,not_gunshot
eco_neg_00017.wav,not_gunshot
eco_neg_00018.wav,not_gunshot
eco_neg_00019.wav,not_gunshot
eco_neg_00020.wav,not_gunshot
eco_neg_00021.wav,not_gunshot
eco_neg_00022.wav,not_gunshot
eco_neg_00023.wav,not_gunshot
eco_neg_00024.wav,not_gunshot
eco_neg_00000.wav,not_gunshot
eco_neg_00001.wav,not_gunshot
eco_neg_00002.wav,not_gunshot
eco_neg_00003.wav,not_gunshot
eco_neg_00004.wav,not_gunshot
eco_neg_00005.wav,not_gunshot
eco_neg_00006.wav,not_gunshot
eco_neg_00007.wav,not_gunshot
eco_neg_00008.wav,not_gunshot
eco_neg_00000.wav,not_gunshot
eco_neg_00001.wav,not_gunshot
eco_neg_00002.wav,not_gunshot
eco_neg_00003.wav,not_gunshot
eco_neg_00004.wav,not_gunshot
eco_neg_00005.wav,not_gunshot
eco_neg_00006.wav,not_gunshot
eco_neg_00007.wav,not_gunshot
eco_neg_00008.wav,not_gunshot
eco_neg_00009.wav,not_gunshot
eco_neg_00010.wav,not_gunshot
eco_neg_00011.wav,not_gunshot
eco_neg_00012.wav,not_gunshot
eco_neg_00013.wav,not_gunshot
eco_neg_00014.wav,not_gunshot
eco_neg_00015.wav,not_gunshot
eco_neg_00016.wav,not_gunshot
eco_neg_00017.wav,not_gunshot
eco_neg_00018.wav,not_gunshot
eco_neg_00019.wav,not_gunshot
eco_neg_00020.wav,not_gunshot
eco_neg_00021.wav,not_gunshot
eco_neg_00022.wav,not_gunshot
eco_neg_00023.wav,not_gunshot
eco_neg_00024.wav,not_gunshot
eco_neg_00025.wav,not_gunshot
eco_neg_00026.wav,not_gunshot
eco_neg_00027.wav,not_gunshot
eco_neg_00028.wav,not_gunshot
eco_neg_00029.wav,not_gunshot
eco_neg_00030.wav,not_gunshot
eco_neg_00031.wav,not_gunshot
eco_neg_00032.wav,not_gunshot
eco_neg_00033.wav,not_gunshot
eco_neg_00034.wav,not_gunshot
eco_neg_00035.wav,not_gunshot
eco_neg_00036.wav,not_gunshot
eco_neg_00037.wav,not_gunshot
eco_neg_00038.wav,not_gunshot
eco_neg_00039.wav,not_gunshot
eco_neg_00040.wav,not_gunshot
eco_neg_00041.wav,not_gunshot
eco_neg_00042.wav,not_gunshot
eco_neg_00043.wav,not_gunshot
eco_neg_00044.wav,not_gunshot
eco_neg_00045.wav,not_gunshot
eco_neg_00046.wav,not_gunshot
eco_neg_00047.wav,not_gunshot
eco_neg_00048.wav,not_gunshot
eco_neg_00049.wav,not_gunshot
eco_neg_00050.wav,not_gunshot
eco_neg_00051.wav,not_gunshot
eco_neg_00052.wav,not_gunshot
eco_neg_00053.wav,not_gunshot
eco_neg_00054.wav,not_gunshot
eco_neg_00055.wav,not_gunshot
eco_neg_00056.wav,not_gunshot
eco_neg_00057.wav,not_gunshot
eco_neg_00058.wav,not_gunshot
eco_neg_00059.wav,not_gunshot
eco_neg_00060.wav,not_gunshot
eco_neg_00061.wav,not_gunshot
eco_neg_00062.wav,not_gunshot
eco_neg_00063.wav,not_gunshot
eco_neg_00064.wav,not_gunshot
eco_neg_00065.wav,not_gunshot
eco_neg_00066.wav,not_gunshot
eco_neg_00067.wav,not_gunshot
eco_neg_00068.wav,not_gunshot
eco_neg_00069.wav,not_gunshot
eco_neg_00070.wav,not_gunshot
eco_neg_00071.wav,not_gunshot
eco_neg_00072.wav,not_gunshot
eco_neg_00073.wav,not_gunshot
eco_neg_00074.wav,not_gunshot
eco_neg_00075.wav,not_gunshot
eco_neg_00076.wav,not_gunshot
eco_neg_00077.wav,not_gunshot
eco_neg_00078.wav,not_gunshot
eco_neg_00079.wav,not_gunshot
eco_neg_00080.wav,not_gunshot
eco_neg_00081.wav,not_gunshot
eco_neg_00082.wav,not_gunshot
eco_neg_00083.wav,not_gunshot
eco_neg_00084.wav,not_gunshot
eco_neg_00085.wav,not_gunshot
eco_neg_00086.wav,not_gunshot
eco_neg_00087.wav,not_gunshot
eco_neg_00088.wav,not_gunshot
eco_neg_00089.wav,not_gunshot
eco_neg_00090.wav,not_gunshot
eco_neg_00091.wav,not_gunshot
eco_neg_00092.wav,not_gunshot
eco_neg_00093.wav,not_gunshot
eco_neg_00094.wav,not_gunshot
eco_neg_00095.wav,not_gunshot
eco_neg_00096.wav,not_gunshot
eco_neg_00097.wav,not_gunshot
eco_neg_00098.wav,not_gunshot
eco_neg_00099.wav,not_gunshot
eco_neg_00100.wav,not_gunshot
eco_neg_00101.wav,not_gunshot
eco_neg_00102.wav,not_gunshot
eco_neg_00103.wav,not_gunshot
eco_neg_00104.wav,not_gunshot
eco_neg_00105.wav,not_gunshot
eco_neg_00106.wav,not_gunshot
eco_neg_00107.wav,not_gunshot
eco_neg_00108.wav,not_gunshot
eco_neg_00109.wav,not_gunshot
eco_neg_00110.wav,not_gunshot
eco_neg_00111.wav,not_gunshot
eco_neg_00112.wav,not_gunshot
eco_neg_00113.wav,not_gunshot
eco_neg_00114.wav,not_gunshot
eco_neg_00115.wav,not_gunshot
eco_neg_00116.wav,not_gunshot
eco_neg_00117.wav,not_gunshot
eco_neg_00118.wav,not_gunshot
eco_neg_00119.wav,not_gunshot
eco_neg_00120.wav,not_gunshot
eco_neg_00121.wav,not_gunshot
eco_neg_00122.wav,not_gunshot
eco_neg_00123.wav,not_gunshot
eco_neg_00124.wav,not_gunshot
eco_neg_00125.wav,not_gunshot
eco_neg_00126.wav,not_gunshot
eco_neg_00127.wav,not_gunshot
eco_neg_00128.wav,not_gunshot
eco_neg_00129.wav,not_gunshot
eco_neg_00130.wav,not_gunshot
eco_neg_00131.wav,not_gunshot
eco_neg_00132.wav,not_gunshot
eco_neg_00133.wav,not_gunshot
eco_neg_00134.wav,not_gunshot
eco_neg_00135.wav,not_gunshot
eco_neg_00136.wav,not_gunshot
eco_neg_00137.wav,not_gunshot
eco_neg_00138.wav,not_gunshot
eco_neg_00139.wav,not_gunshot
eco_neg_00140.wav,not_gunshot
eco_neg_00141.wav,not_gunshot
eco_neg_00142.wav,not_gunshot
eco_neg_00143.wav,not_gunshot
eco_neg_00144.wav,not_gunshot
eco_neg_00145.wav,not_gunshot
eco_neg_00146.wav,not_gunshot
eco_neg_00147.wav,not_gunshot
eco_neg_00148.wav,not_gunshot
eco_neg_00149.wav,not_gunshot
eco_neg_00150.wav,not_gunshot
eco_neg_00151.wav,not_gunshot
eco_neg_00152.wav,not_gunshot
eco_neg_00153.wav,not_gunshot
eco_neg_00154.wav,not_gunshot
eco_neg_00155.wav,not_gunshot
eco_neg_00156.wav,not_gunshot
eco_neg_00157.wav,not_gunshot
eco_neg_00158.wav,not_gunshot
eco_neg_00159.wav,not_gunshot
eco_neg_00160.wav,not_gunshot
eco_neg_00161.wav,not_gunshot
eco_neg_00162.wav,not_gunshot
eco_neg_00163.wav,not_gunshot
eco_neg_00164.wav,not_gunshot
eco_neg_00165.wav,not_gunshot
eco_neg_00166.wav,not_gunshot
eco_neg_00167.wav,not_gunshot
eco_neg_00168.wav,not_gunshot
eco_neg_00169.wav,not_gunshot
eco_neg_00170.wav,not_gunshot
eco_neg_00171.wav,not_gunshot
eco_neg_00172.wav,not_gunshot
eco_neg_00173.wav,not_gunshot
eco_neg_00174.wav,not_gunshot
eco_neg_00175.wav,not_gunshot
eco_neg_00176.wav,not_gunshot
eco_neg_00177.wav,not_gunshot
eco_neg_00178.wav,not_gunshot
eco_neg_00179.wav,not_gunshot
eco_neg_00180.wav,not_gunshot
eco_neg_00181.wav,not_gunshot
eco_neg_00182.wav,not_gunshot
eco_neg_00183.wav,not_gunshot
eco_neg_00184.wav,not_gunshot
eco_neg_00185.wav,not_gunshot
eco_neg_00186.wav,not_gunshot
eco_neg_00187.wav,not_gunshot
eco_neg_00188.wav,not_gunshot
eco_neg_00189.wav,not_gunshot
eco_neg_00190.wav,not_gunshot
eco_neg_00000.wav,not_gunshot
eco_neg_00001.wav,not_gunshot
eco_neg_00002.wav,not_gunshot
eco_neg_00003.wav,not_gunshot
eco_neg_00004.wav,not_gunshot
eco_neg_00005.wav,not_gunshot
eco_neg_00006.wav,not_gunshot
eco_neg_00007.wav,not_gunshot
eco_neg_00008.wav,not_gunshot
eco_neg_00009.wav,not_gunshot
eco_neg_00010.wav,not_gunshot
eco_neg_00011.wav,not_gunshot
eco_neg_00012.wav,not_gunshot
eco_neg_00013.wav,not_gunshot
eco_neg_00014.wav,not_gunshot
eco_neg_00015.wav,not_gunshot
eco_neg_00016.wav,not_gunshot
eco_neg_00017.wav,not_gunshot
eco_neg_00018.wav,not_gunshot
eco_neg_00019.wav,not_gunshot
eco_neg_00020.wav,not_gunshot
eco_neg_00021.wav,not_gunshot
eco_neg_00022.wav,not_gunshot
eco_neg_00023.wav,not_gunshot
eco_neg_00024.wav,not_gunshot
eco_neg_00025.wav,not_gunshot
eco_neg_00026.wav,not_gunshot
eco_neg_00027.wav,not_gunshot
eco_neg_00028.wav,not_gunshot
eco_neg_00029.wav,not_gunshot
eco_neg_00030.wav,not_gunshot
eco_neg_00031.wav,not_gunshot
eco_neg_00032.wav,not_gunshot
eco_neg_00033.wav,not_gunshot
eco_neg_00034.wav,not_gunshot
eco_neg_00035.wav,not_gunshot
eco_neg_00036.wav,not_gunshot
eco_neg_00037.wav,not_gunshot
eco_neg_00038.wav,not_gunshot
eco_neg_00039.wav,not_gunshot
eco_neg_00040.wav,not_gunshot
eco_neg_00041.wav,not_gunshot
eco_neg_00042.wav,not_gunshot
eco_neg_00043.wav,not_gunshot
eco_neg_00044.wav,not_gunshot
eco_neg_00045.wav,not_gunshot
eco_neg_00046.wav,not_gunshot
eco_neg_00047.wav,not_gunshot
eco_neg_00048.wav,not_gunshot
eco_neg_00049.wav,not_gunshot
eco_neg_00050.wav,not_gunshot
eco_neg_00051.wav,not_gunshot
eco_neg_00052.wav,not_gunshot
eco_neg_00053.wav,not_gunshot
eco_neg_00054.wav,not_gunshot
eco_neg_00055.wav,not_gunshot
eco_neg_00056.wav,not_gunshot
eco_neg_00057.wav,not_gunshot
eco_neg_00058.wav,not_gunshot
eco_neg_00059.wav,not_gunshot
eco_neg_00060.wav,not_gunshot
eco_neg_00061.wav,not_gunshot
eco_neg_00062.wav,not_gunshot
eco_neg_00063.wav,not_gunshot
eco_neg_00064.wav,not_gunshot
eco_neg_00065.wav,not_gunshot
eco_neg_00066.wav,not_gunshot
eco_neg_00067.wav,not_gunshot
eco_neg_00068.wav,not_gunshot
eco_neg_00069.wav,not_gunshot
eco_neg_00070.wav,not_gunshot
eco_neg_00071.wav,not_gunshot
eco_neg_00072.wav,not_gunshot
eco_neg_00073.wav,not_gunshot
eco_neg_00074.wav,not_gunshot
eco_neg_00075.wav,not_gunshot
eco_neg_00076.wav,not_gunshot
eco_neg_00077.wav,not_gunshot
eco_neg_00078.wav,not_gunshot
eco_neg_00079.wav,not_gunshot
eco_neg_00080.wav,not_gunshot
eco_neg_00081.wav,not_gunshot
eco_neg_00082.wav,not_gunshot
eco_neg_00083.wav,not_gunshot
eco_neg_00084.wav,not_gunshot
eco_neg_00085.wav,not_gunshot
eco_neg_00086.wav,not_gunshot
eco_neg_00087.wav,not_gunshot
eco_neg_00088.wav,not_gunshot
eco_neg_00089.wav,not_gunshot
eco_neg_00090.wav,not_gunshot
eco_neg_00091.wav,not_gunshot
eco_neg_00092.wav,not_gunshot
eco_neg_00093.wav,not_gunshot
eco_neg_00094.wav,not_gunshot
eco_neg_00095.wav,not_gunshot
eco_neg_00000.wav,not_gunshot
eco_neg_00001.wav,not_gunshot
eco_neg_00002.wav,not_gunshot
eco_neg_00003.wav,not_gunshot
eco_neg_00004.wav,not_gunshot
eco_neg_00005.wav,not_gunshot
eco_neg_00006.wav,not_gunshot
eco_neg_00007.wav,not_gunshot
eco_neg_00008.wav,not_gunshot
eco_neg_00009.wav,not_gunshot
eco_neg_00010.wav,not_gunshot
eco_neg_00011.wav,not_gunshot
eco_neg_00012.wav,not_gunshot
eco_neg_00013.wav,not_gunshot
eco_neg_00014.wav,not_gunshot
eco_neg_00015.wav,not_gunshot
eco_neg_00016.wav,not_gunshot
eco_neg_00017.wav,not_gunshot
eco_neg_00018.wav,not_gunshot
eco_neg_00019.wav,not_gunshot
eco_neg_00020.wav,not_gunshot
eco_neg_00021.wav,not_gunshot
eco_neg_00022.wav,not_gunshot
eco_neg_00023.wav,not_gunshot
eco_neg_00024.wav,not_gunshot
eco_neg_00025.wav,not_gunshot
eco_neg_00026.wav,not_gunshot
eco_neg_00027.wav,not_gunshot
eco_neg_00028.wav,not_gunshot
eco_neg_00029.wav,not_gunshot
eco_neg_00030.wav,not_gunshot
eco_neg_00031.wav,not_gunshot
eco_neg_00032.wav,not_gunshot
eco_neg_00033.wav,not_gunshot
eco_neg_00034.wav,not_gunshot
eco_neg_00035.wav,not_gunshot
eco_neg_00036.wav,not_gunshot
eco_neg_00037.wav,not_gunshot
eco_neg_00038.wav,not_gunshot
eco_neg_00039.wav,not_gunshot
eco_neg_00040.wav,not_gunshot
eco_neg_00041.wav,not_gunshot
eco_neg_00042.wav,not_gunshot
eco_neg_00043.wav,not_gunshot
eco_neg_00044.wav,not_gunshot
eco_neg_00045.wav,not_gunshot
eco_neg_00046.wav,not_gunshot
eco_neg_00047.wav,not_gunshot
eco_neg_00048.wav,not_gunshot
eco_neg_00049.wav,not_gunshot
eco_neg_00050.wav,not_gunshot
eco_neg_00051.wav,not_gunshot
eco_neg_00052.wav,not_gunshot
eco_neg_00053.wav,not_gunshot
eco_neg_00054.wav,not_gunshot
eco_neg_00055.wav,not_gunshot
eco_neg_00056.wav,not_gunshot
eco_neg_00057.wav,not_gunshot
eco_neg_00058.wav,not_gunshot
eco_neg_00059.wav,not_gunshot
eco_neg_00060.wav,not_gunshot
eco_neg_00061.wav,not_gunshot
eco_neg_00062.wav,not_gunshot
eco_neg_00063.wav,not_gunshot
eco_neg_00064.wav,not_gunshot
eco_neg_00065.wav,not_gunshot
eco_neg_00066.wav,not_gunshot
eco_neg_00067.wav,not_gunshot
eco_neg_00068.wav,not_gunshot
eco_neg_00069.wav,not_gunshot
eco_neg_00070.wav,not_gunshot
eco_neg_00071.wav,not_gunshot
eco_neg_00072.wav,not_gunshot
eco_neg_00073.wav,not_gunshot
eco_neg_00074.wav,not_gunshot
eco_neg_00075.wav,not_gunshot
eco_neg_00076.wav,not_gunshot
eco_neg_00077.wav,not_gunshot
eco_neg_00078.wav,not_gunshot
eco_neg_00079.wav,not_gunshot
eco_neg_00080.wav,not_gunshot
eco_neg_00081.wav,not_gunshot
eco_neg_00082.wav,not_gunshot
eco_neg_00083.wav,not_gunshot
eco_neg_00084.wav,not_gunshot
eco_neg_00085.wav,not_gunshot
eco_neg_00086.wav,not_gunshot
eco_neg_00087.wav,not_gunshot
eco_neg_00088.wav,not_gunshot
eco_neg_00089.wav,not_gunshot
eco_neg_00090.wav,not_gunshot
eco_neg_00091.wav,not_gunshot
eco_neg_00092.wav,not_gunshot
eco_neg_00093.wav,not_gunshot
eco_neg_00094.wav,not_gunshot
eco_neg_00095.wav,not_gunshot
eco_neg_00096.wav,not_gunshot
eco_neg_00097.wav,not_gunshot
eco_neg_00098.wav,not_gunshot
eco_neg_00099.wav,not_gunshot
eco_neg_00100.wav,not_gunshot
eco_neg_00101.wav,not_gunshot
eco_neg_00102.wav,not_gunshot
eco_neg_00103.wav,not_gunshot
eco_neg_00104.wav,not_gunshot
eco_neg_00105.wav,not_gunshot
eco_neg_00106.wav,not_gunshot
eco_neg_00107.wav,not_gunshot
eco_neg_00108.wav,not_gunshot
eco_neg_00109.wav,not_gunshot
eco_neg_00110.wav,not_gunshot
eco_neg_00111.wav,not_gunshot
eco_neg_00112.wav,not_gunshot
eco_neg_00113.wav,not_gunshot
eco_neg_00114.wav,not_gunshot
eco_neg_00115.wav,not_gunshot
eco_neg_00116.wav,not_gunshot
eco_neg_00117.wav,not_gunshot
eco_neg_00118.wav,not_gunshot
eco_neg_00119.wav,not_gunshot
eco_neg_00120.wav,not_gunshot
eco_neg_00121.wav,not_gunshot
eco_neg_00122.wav,not_gunshot
eco_neg_00123.wav,not_gunshot
eco_neg_00124.wav,not_gunshot
eco_neg_00125.wav,not_gunshot
eco_neg_00126.wav,not_gunshot
eco_neg_00127.wav,not_gunshot
eco_neg_00128.wav,not_gunshot
eco_neg_00129.wav,not_gunshot
eco_neg_00130.wav,not_gunshot
eco_neg_00131.wav,not_gunshot
eco_neg_00132.wav,not_gunshot
eco_neg_00133.wav,not_gunshot
eco_neg_00134.wav,not_gunshot
eco_neg_00135.wav,not_gunshot
eco_neg_00136.wav,not_gunshot
eco_neg_00137.wav,not_gunshot
eco_neg_00138.wav,not_gunshot
eco_neg_00139.wav,not_gunshot
eco_neg_00140.wav,not_gunshot
eco_neg_00141.wav,not_gunshot
eco_neg_00142.wav,not_gunshot
eco_neg_00143.wav,not_gunshot
eco_neg_00144.wav,not_gunshot
eco_neg_00145.wav,not_gunshot
eco_neg_00146.wav,not_gunshot
eco_neg_00147.wav,not_gunshot
eco_neg_00148.wav,not_gunshot
eco_neg_00149.wav,not_gunshot
eco_neg_00150.wav,not_gunshot
eco_neg_00151.wav,not_gunshot
eco_neg_00152.wav,not_gunshot
eco_neg_00153.wav,not_gunshot
eco_neg_00154.wav,not_gunshot
eco_neg_00155.wav,not_gunshot
eco_neg_00156.wav,not_gunshot
eco_neg_00157.wav,not_gunshot
eco_neg_00158.wav,not_gunshot
eco_neg_00159.wav,not_gunshot
eco_neg_00160.wav,not_gunshot
eco_neg_00161.wav,not_gunshot
eco_neg_00162.wav,not_gunshot
eco_neg_00163.wav,not_gunshot
eco_neg_00164.wav,not_gunshot
eco_neg_00165.wav,not_gunshot
eco_neg_00166.wav,not_gunshot
eco_neg_00167.wav,not_gunshot
eco_neg_00168.wav,not_gunshot
eco_neg_00169.wav,not_gunshot
eco_neg_00170.wav,not_gunshot
eco_neg_00171.wav,not_gunshot
eco_neg_00172.wav,not_gunshot
eco_neg_00173.wav,not_gunshot
eco_neg_00174.wav,not_gunshot
eco_neg_00175.wav,not_gunshot
eco_neg_00176.wav,not_gunshot
eco_neg_00177.wav,not_gunshot
eco_neg_00178.wav,not_gunshot
eco_neg_00179.wav,not_gunshot
eco_neg_00180.wav,not_gunshot
eco_neg_00181.wav,not_gunshot
eco_neg_00182.wav,not_gunshot
eco_neg_00183.wav,not_gunshot
eco_neg_00184.wav,not_gunshot
eco_neg_00185.wav,not_gunshot
eco_neg_00186.wav,not_gunshot
eco_neg_00187.wav,not_gunshot
eco_neg_00188.wav,not_gunshot
eco_neg_00189.wav,not_gunshot
eco_neg_00190.wav,not_gunshot
eco_neg_00191.wav,not_gunshot
eco_neg_00192.wav,not_gunshot
eco_neg_00193.wav,not_gunshot
eco_neg_00194.wav,not_gunshot
eco_neg_00195.wav,not_gunshot
eco_neg_00196.wav,not_gunshot
eco_neg_00197.wav,not_gunshot
eco_neg_00198.wav,not_gunshot
eco_neg_00199.wav,not_gunshot
eco_neg_00200.wav,not_gunshot
eco_neg_00201.wav,not_gunshot
eco_neg_00202.wav,not_gunshot
eco_neg_00203.wav,not_gunshot
eco_neg_00204.wav,not_gunshot
eco_neg_00205.wav,not_gunshot
eco_neg_00206.wav,not_gunshot
eco_neg_00207.wav,not_gunshot
eco_neg_00208.wav,not_gunshot
eco_neg_00209.wav,not_gunshot
eco_neg_00210.wav,not_gunshot
eco_neg_00211.wav,not_gunshot
eco_neg_00212.wav,not_gunshot
eco_neg_00213.wav,not_gunshot
eco_neg_00214.wav,not_gunshot
eco_neg_00215.wav,not_gunshot
eco_neg_00216.wav,not_gunshot
eco_neg_00217.wav,not_gunshot
eco_neg_00218.wav,not_gunshot
eco_neg_00219.wav,not_gunshot
eco_neg_00000.wav,not_gunshot
eco_neg_00001.wav,not_gunshot
eco_neg_00002.wav,not_gunshot
eco_neg_00003.wav,not_gunshot
eco_neg_00004.wav,not_gunshot
eco_neg_00005.wav,not_gunshot
eco_neg_00006.wav,not_gunshot
eco_neg_00007.wav,not_gunshot
eco_neg_00008.wav,not_gunshot
eco_neg_00009.wav,not_gunshot
eco_neg_00010.wav,not_gunshot
eco_neg_00011.wav,not_gunshot
eco_neg_00012.wav,not_gunshot
eco_neg_00013.wav,not_gunshot
eco_neg_00014.wav,not_gunshot
eco_neg_00015.wav,not_gunshot
eco_neg_00016.wav,not_gunshot
eco_neg_00017.wav,not_gunshot
eco_neg_00018.wav,not_gunshot
eco_neg_00019.wav,not_gunshot
eco_neg_00020.wav,not_gunshot
eco_neg_00021.wav,not_gunshot
eco_neg_00022.wav,not_gunshot
eco_neg_00023.wav,not_gunshot
eco_neg_00024.wav,not_gunshot
eco_neg_00025.wav,not_gunshot
eco_neg_00026.wav,not_gunshot
eco_neg_00027.wav,not_gunshot
eco_neg_00028.wav,not_gunshot
eco_neg_00029.wav,not_gunshot
eco_neg_00030.wav,not_gunshot
eco_neg_00031.wav,not_gunshot
eco_neg_00032.wav,not_gunshot
eco_neg_00033.wav,not_gunshot
eco_neg_00034.wav,not_gunshot
eco_neg_00035.wav,not_gunshot
eco_neg_00036.wav,not_gunshot
eco_neg_00037.wav,not_gunshot
eco_neg_00038.wav,not_gunshot
eco_neg_00039.wav,not_gunshot
eco_neg_00040.wav,not_gunshot
eco_neg_00041.wav,not_gunshot
eco_neg_00042.wav,not_gunshot
eco_neg_00043.wav,not_gunshot
eco_neg_00044.wav,not_gunshot
eco_neg_00045.wav,not_gunshot
eco_neg_00046.wav,not_gunshot
eco_neg_00047.wav,not_gunshot
eco_neg_00048.wav,not_gunshot
eco_neg_00049.wav,not_gunshot
eco_neg_00050.wav,not_gunshot
eco_neg_00051.wav,not_gunshot
eco_neg_00052.wav,not_gunshot
eco_neg_00053.wav,not_gunshot
eco_neg_00054.wav,not_gunshot
eco_neg_00055.wav,not_gunshot
eco_neg_00056.wav,not_gunshot
eco_neg_00057.wav,not_gunshot
eco_neg_00058.wav,not_gunshot
eco_neg_00059.wav,not_gunshot
eco_neg_00060.wav,not_gunshot
eco_neg_00061.wav,not_gunshot
eco_neg_00062.wav,not_gunshot
eco_neg_00063.wav,not_gunshot
eco_neg_00064.wav,not_gunshot
eco_neg_00065.wav,not_gunshot
eco_neg_00066.wav,not_gunshot
eco_neg_00067.wav,not_gunshot
eco_neg_00068.wav,not_gunshot
eco_neg_00069.wav,not_gunshot
eco_neg_00070.wav,not_gunshot
eco_neg_00071.wav,not_gunshot
eco_neg_00072.wav,not_gunshot
eco_neg_00073.wav,not_gunshot
eco_neg_00074.wav,not_gunshot
eco_neg_00075.wav,not_gunshot
eco_neg_00076.wav,not_gunshot
eco_neg_00077.wav,not_gunshot
eco_neg_00078.wav,not_gunshot
eco_neg_00079.wav,not_gunshot
eco_neg_00080.wav,not_gunshot
eco_neg_00081.wav,not_gunshot
eco_neg_00082.wav,not_gunshot
eco_neg_00083.wav,not_gunshot
eco_neg_00084.wav,not_gunshot
eco_neg_00085.wav,not_gunshot
eco_neg_00086.wav,not_gunshot
eco_neg_00087.wav,not_gunshot
eco_neg_00088.wav,not_gunshot
eco_neg_00089.wav,not_gunshot
eco_neg_00090.wav,not_gunshot
eco_neg_00091.wav,not_gunshot
eco_neg_00092.wav,not_gunshot
eco_neg_00093.wav,not_gunshot
eco_neg_00094.wav,not_gunshot
eco_neg_00095.wav,not_gunshot
eco_neg_00096.wav,not_gunshot
eco_neg_00097.wav,not_gunshot
eco_neg_00098.wav,not_gunshot
eco_neg_00099.wav,not_gunshot
eco_neg_00100.wav,not_gunshot
eco_neg_00101.wav,not_gunshot
eco_neg_00102.wav,not_gunshot
eco_neg_00103.wav,not_gunshot
eco_neg_00104.wav,not_gunshot
eco_neg_00105.wav,not_gunshot
eco_neg_00106.wav,not_gunshot
eco_neg_00107.wav,not_gunshot
eco_neg_00108.wav,not_gunshot
eco_neg_00109.wav,not_gunshot
eco_neg_00110.wav,not_gunshot
eco_neg_00111.wav,not_gunshot
eco_neg_00112.wav,not_gunshot
eco_neg_00113.wav,not_gunshot
eco_neg_00114.wav,not_gunshot
eco_neg_00115.wav,not_gunshot
eco_neg_00116.wav,not_gunshot
eco_neg_00117.wav,not_gunshot
eco_neg_00118.wav,not_gunshot
eco_neg_00119.wav,not_gunshot
eco_neg_00120.wav,not_gunshot
eco_neg_00121.wav,not_gunshot
eco_neg_00122.wav,not_gunshot
eco_neg_00123.wav,not_gunshot
eco_neg_00124.wav,not_gunshot
eco_neg_00125.wav,not_gunshot
eco_neg_00126.wav,not_gunshot
eco_neg_00127.wav,not_gunshot
eco_neg_00128.wav,not_gunshot
eco_neg_00129.wav,not_gunshot
eco_neg_00130.wav,not_gunshot
eco_neg_00131.wav,not_gunshot
eco_neg_00132.wav,not_gunshot
eco_neg_00133.wav,not_gunshot
eco_neg_00134.wav,not_gunshot
eco_neg_00135.wav,not_gunshot
eco_neg_00136.wav,not_gunshot
eco_neg_00137.wav,not_gunshot
eco_neg_00138.wav,not_gunshot
eco_neg_00139.wav,not_gunshot
eco_neg_00140.wav,not_gunshot
eco_neg_00141.wav,not_gunshot
eco_neg_00142.wav,not_gunshot
eco_neg_00143.wav,not_gunshot
eco_neg_00144.wav,not_gunshot
eco_neg_00145.wav,not_gunshot
eco_neg_00146.wav,not_gunshot
eco_neg_00147.wav,not_gunshot
eco_neg_00148.wav,not_gunshot
eco_neg_00149.wav,not_gunshot
eco_neg_00150.wav,not_gunshot
eco_neg_00151.wav,not_gunshot
eco_neg_00152.wav,not_gunshot
eco_neg_00153.wav,not_gunshot
eco_neg_00000.wav,not_gunshot
eco_neg_00001.wav,not_gunshot
eco_neg_00002.wav,not_gunshot
eco_neg_00003.wav,not_gunshot
eco_neg_00004.wav,not_gunshot
eco_neg_00005.wav,not_gunshot
eco_neg_00006.wav,not_gunshot
eco_neg_00007.wav,not_gunshot
eco_neg_00008.wav,not_gunshot
eco_neg_00009.wav,not_gunshot
eco_neg_00010.wav,not_gunshot
eco_neg_00011.wav,not_gunshot
eco_neg_00012.wav,not_gunshot
eco_neg_00013.wav,not_gunshot
eco_neg_00014.wav,not_gunshot
eco_neg_00015.wav,not_gunshot
eco_neg_00016.wav,not_gunshot
eco_neg_00017.wav,not_gunshot
eco_neg_00018.wav,not_gunshot
eco_neg_00019.wav,not_gunshot
eco_neg_00020.wav,not_gunshot
eco_neg_00021.wav,not_gunshot
eco_neg_00022.wav,not_gunshot
eco_neg_00023.wav,not_gunshot
eco_neg_00024.wav,not_gunshot
eco_neg_00025.wav,not_gunshot
eco_neg_00026.wav,not_gunshot
eco_neg_00027.wav,not_gunshot
eco_neg_00028.wav,not_gunshot
eco_neg_00029.wav,not_gunshot
eco_neg_00030.wav,not_gunshot
eco_neg_00031.wav,not_gunshot
eco_neg_00032.wav,not_gunshot
eco_neg_00033.wav,not_gunshot
eco_neg_00034.wav,not_gunshot
eco_neg_00035.wav,not_gunshot
eco_neg_00036.wav,not_gunshot
eco_neg_00037.wav,not_gunshot
eco_neg_00038.wav,not_gunshot
eco_neg_00039.wav,not_gunshot
eco_neg_00040.wav,not_gunshot
eco_neg_00041.wav,not_gunshot
eco_neg_00042.wav,not_gunshot
eco_neg_00043.wav,not_gunshot
eco_neg_00044.wav,not_gunshot
eco_neg_00045.wav,not_gunshot
eco_neg_00046.wav,not_gunshot
eco_neg_00047.wav,not_gunshot
eco_neg_00048.wav,not_gunshot
eco_neg_00049.wav,not_gunshot
eco_neg_00050.wav,not_gunshot
eco_neg_00051.wav,not_gunshot
eco_neg_00052.wav,not_gunshot
eco_neg_00053.wav,not_gunshot
eco_neg_00054.wav,not_gunshot
eco_neg_00055.wav,not_gunshot
eco_neg_00056.wav,not_gunshot
eco_neg_00057.wav,not_gunshot
eco_neg_00058.wav,not_gunshot
eco_neg_00059.wav,not_gunshot
eco_neg_00060.wav,not_gunshot
eco_neg_00061.wav,not_gunshot
eco_neg_00062.wav,not_gunshot
eco_neg_00063.wav,not_gunshot
eco_neg_00064.wav,not_gunshot
eco_neg_00065.wav,not_gunshot
eco_neg_00066.wav,not_gunshot
eco_neg_00067.wav,not_gunshot
eco_neg_00068.wav,not_gunshot
eco_neg_00069.wav,not_gunshot
eco_neg_00070.wav,not_gunshot
eco_neg_00071.wav,not_gunshot
eco_neg_00072.wav,not_gunshot
eco_neg_00073.wav,not_gunshot
eco_neg_00074.wav,not_gunshot
eco_neg_00075.wav,not_gunshot
eco_neg_00076.wav,not_gunshot
eco_neg_00077.wav,not_gunshot
eco_neg_00078.wav,not_gunshot
eco_neg_00079.wav,not_gunshot
eco_neg_00080.wav,not_gunshot
eco_neg_00081.wav,not_gunshot
eco_neg_00082.wav,not_gunshot
eco_neg_00083.wav,not_gunshot
eco_neg_00084.wav,not_gunshot
eco_neg_00085.wav,not_gunshot
eco_neg_00086.wav,not_gunshot
eco_neg_00087.wav,not_gunshot
eco_neg_00088.wav,not_gunshot
eco_neg_00089.wav,not_gunshot
eco_neg_00090.wav,not_gunshot
eco_neg_00091.wav,not_gunshot
eco_neg_00092.wav,not_gunshot
eco_neg_00093.wav,not_gunshot
eco_neg_00094.wav,not_gunshot
eco_neg_00095.wav,not_gunshot
eco_neg_00096.wav,not_gunshot
eco_neg_00097.wav,not_gunshot
eco_neg_00098.wav,not_gunshot
eco_neg_00099.wav,not_gunshot
eco_neg_00100.wav,not_gunshot
eco_neg_00101.wav,not_gunshot
eco_neg_00102.wav,not_gunshot
eco_neg_00103.wav,not_gunshot
eco_neg_00104.wav,not_gunshot
eco_neg_00105.wav,not_gunshot
eco_neg_00106.wav,not_gunshot
eco_neg_00107.wav,not_gunshot
eco_neg_00108.wav,not_gunshot
eco_neg_00109.wav,not_gunshot
eco_neg_00110.wav,not_gunshot
eco_neg_00111.wav,not_gunshot
eco_neg_00112.wav,not_gunshot
eco_neg_00113.wav,not_gunshot
eco_neg_00114.wav,not_gunshot
eco_neg_00115.wav,not_gunshot
eco_neg_00116.wav,not_gunshot
eco_neg_00000.wav,not_gunshot
eco_neg_00001.wav,not_gunshot
eco_neg_00002.wav,not_gunshot
eco_neg_00003.wav,not_gunshot
eco_neg_00004.wav,not_gunshot
eco_neg_00005.wav,not_gunshot
eco_neg_00006.wav,not_gunshot
eco_neg_00007.wav,not_gunshot
eco_neg_00008.wav,not_gunshot
eco_neg_00009.wav,not_gunshot
eco_neg_00010.wav,not_gunshot
eco_neg_00011.wav,not_gunshot
eco_neg_00012.wav,not_gunshot
eco_neg_00013.wav,not_gunshot
eco_neg_00014.wav,not_gunshot
eco_neg_00015.wav,not_gunshot
eco_neg_00016.wav,not_gunshot
eco_neg_00017.wav,not_gunshot
eco_neg_00018.wav,not_gunshot
eco_neg_00019.wav,not_gunshot
eco_neg_00020.wav,not_gunshot
eco_neg_00021.wav,not_gunshot
eco_neg_00022.wav,not_gunshot
eco_neg_00023.wav,not_gunshot
eco_neg_00024.wav,not_gunshot
eco_neg_00025.wav,not_gunshot
eco_neg_00026.wav,not_gunshot
eco_neg_00027.wav,not_gunshot
eco_neg_00028.wav,not_gunshot
eco_neg_00029.wav,not_gunshot
eco_neg_00030.wav,not_gunshot
eco_neg_00031.wav,not_gunshot
eco_neg_00032.wav,not_gunshot
eco_neg_00033.wav,not_gunshot
eco_neg_00034.wav,not_gunshot
eco_neg_00035.wav,not_gunshot
eco_neg_00036.wav,not_gunshot
eco_neg_00037.wav,not_gunshot
eco_neg_00038.wav,not_gunshot
eco_neg_00039.wav,not_gunshot
eco_neg_00040.wav,not_gunshot
eco_neg_00041.wav,not_gunshot
eco_neg_00042.wav,not_gunshot
eco_neg_00043.wav,not_gunshot
eco_neg_00044.wav,not_gunshot
eco_neg_00045.wav,not_gunshot
eco_neg_00046.wav,not_gunshot
eco_neg_00047.wav,not_gunshot
eco_neg_00048.wav,not_gunshot
eco_neg_00049.wav,not_gunshot
eco_neg_00050.wav,not_gunshot
eco_neg_00051.wav,not_gunshot
eco_neg_00052.wav,not_gunshot
eco_neg_00053.wav,not_gunshot
eco_neg_00054.wav,not_gunshot
eco_neg_00055.wav,not_gunshot
eco_neg_00056.wav,not_gunshot
eco_neg_00057.wav,not_gunshot
eco_neg_00058.wav,not_gunshot
eco_neg_00059.wav,not_gunshot
eco_neg_00060.wav,not_gunshot
eco_neg_00061.wav,not_gunshot
eco_neg_00062.wav,not_gunshot
eco_neg_00063.wav,not_gunshot
eco_neg_00064.wav,not_gunshot
eco_neg_00065.wav,not_gunshot
eco_neg_00066.wav,not_gunshot
eco_neg_00067.wav,not_gunshot
eco_neg_00068.wav,not_gunshot
eco_neg_00069.wav,not_gunshot
eco_neg_00070.wav,not_gunshot
eco_neg_00071.wav,not_gunshot
eco_neg_00072.wav,not_gunshot
eco_neg_00073.wav,not_gunshot
eco_neg_00074.wav,not_gunshot
eco_neg_00075.wav,not_gunshot
eco_neg_00076.wav,not_gunshot
eco_neg_00077.wav,not_gunshot
eco_neg_00078.wav,not_gunshot
eco_neg_00079.wav,not_gunshot
eco_neg_00080.wav,not_gunshot
eco_neg_00081.wav,not_gunshot
eco_neg_00082.wav,not_gunshot
eco_neg_00083.wav,not_gunshot
eco_neg_00084.wav,not_gunshot
eco_neg_00085.wav,not_gunshot
eco_neg_00086.wav,not_gunshot
eco_neg_00087.wav,not_gunshot
eco_neg_00088.wav,not_gunshot
eco_neg_00089.wav,not_gunshot
eco_neg_00090.wav,not_gunshot
eco_neg_00091.wav,not_gunshot
eco_neg_00092.wav,not_gunshot
eco_neg_00093.wav,not_gunshot
eco_neg_00094.wav,not_gunshot
eco_neg_00095.wav,not_gunshot
eco_neg_00096.wav,not_gunshot
eco_neg_00097.wav,not_gunshot
eco_neg_00098.wav,not_gunshot
eco_neg_00099.wav,not_gunshot
eco_neg_00100.wav,not_gunshot
eco_neg_00101.wav,not_gunshot
eco_neg_00102.wav,not_gunshot
eco_neg_00103.wav,not_gunshot
eco_neg_00104.wav,not_gunshot
eco_neg_00105.wav,not_gunshot
eco_neg_00106.wav,not_gunshot
eco_neg_00107.wav,not_gunshot
eco_neg_00108.wav,not_gunshot
eco_neg_00109.wav,not_gunshot
eco_neg_00110.wav,not_gunshot
eco_neg_00111.wav,not_gunshot
eco_neg_00112.wav,not_gunshot
eco_neg_00113.wav,not_gunshot
eco_neg_00114.wav,not_gunshot
eco_neg_00115.wav,not_gunshot
eco_neg_00116.wav,not_gunshot
eco_neg_00117.wav,not_gunshot
eco_neg_00118.wav,not_gunshot
eco_neg_00119.wav,not_gunshot
eco_neg_00120.wav,not_gunshot
eco_neg_00121.wav,not_gunshot
eco_neg_00122.wav,not_gunshot
eco_neg_00123.wav,not_gunshot
eco_neg_00124.wav,not_gunshot
eco_neg_00125.wav,not_gunshot
eco_neg_00126.wav,not_gunshot
eco_neg_00127.wav,not_gunshot
eco_neg_00128.wav,not_gunshot
eco_neg_00129.wav,not_gunshot
eco_neg_00130.wav,not_gunshot
eco_neg_00131.wav,not_gunshot
eco_neg_00000.wav,not_gunshot
eco_neg_00001.wav,not_gunshot
eco_neg_00002.wav,not_gunshot
eco_neg_00003.wav,not_gunshot
eco_neg_00004.wav,not_gunshot
eco_neg_00005.wav,not_gunshot
eco_neg_00006.wav,not_gunshot
eco_neg_00007.wav,not_gunshot
eco_neg_00008.wav,not_gunshot
eco_neg_00009.wav,not_gunshot
eco_neg_00010.wav,not_gunshot
eco_neg_00011.wav,not_gunshot
eco_neg_00012.wav,not_gunshot
eco_neg_00013.wav,not_gunshot
eco_neg_00014.wav,not_gunshot
eco_neg_00015.wav,not_gunshot
eco_neg_00016.wav,not_gunshot
eco_neg_00017.wav,not_gunshot
eco_neg_00018.wav,not_gunshot
eco_neg_00019.wav,not_gunshot
eco_neg_00020.wav,not_gunshot
eco_neg_00021.wav,not_gunshot
eco_neg_00022.wav,not_gunshot
eco_neg_00023.wav,not_gunshot
eco_neg_00024.wav,not_gunshot
eco_neg_00025.wav,not_gunshot
eco_neg_00026.wav,not_gunshot
eco_neg_00027.wav,not_gunshot
eco_neg_00028.wav,not_gunshot
eco_neg_00029.wav,not_gunshot
eco_neg_00030.wav,not_gunshot
eco_neg_00031.wav,not_gunshot
eco_neg_00032.wav,not_gunshot
eco_neg_00033.wav,not_gunshot
eco_neg_00034.wav,not_gunshot
eco_neg_00035.wav,not_gunshot
eco_neg_00036.wav,not_gunshot
eco_neg_00037.wav,not_gunshot
eco_neg_00038.wav,not_gunshot
eco_neg_00039.wav,not_gunshot
eco_neg_00040.wav,not_gunshot
eco_neg_00041.wav,not_gunshot
eco_neg_00042.wav,not_gunshot
eco_neg_00043.wav,not_gunshot
eco_neg_00044.wav,not_gunshot
eco_neg_00045.wav,not_gunshot
eco_neg_00046.wav,not_gunshot
eco_neg_00047.wav,not_gunshot
eco_neg_00048.wav,not_gunshot
eco_neg_00049.wav,not_gunshot
eco_neg_00050.wav,not_gunshot
eco_neg_00051.wav,not_gunshot
eco_neg_00052.wav,not_gunshot
eco_neg_00053.wav,not_gunshot
eco_neg_00054.wav,not_gunshot
pnnn_neg_00000.wav,not_gunshot
pnnn_neg_00000.wav,not_gunshot
pnnn_neg_00001.wav,not_gunshot
pnnn_neg_00002.wav,not_gunshot
pnnn_neg_00003.wav,not_gunshot
pnnn_neg_00004.wav,not_gunshot
